,loss,accuracy
0,2.045173168182373,0.5371013283729553
0,1.4045900106430054,0.6269963979721069
